Location,Age,Salary,Bonus Offered
Delhi,-0.03791852,0.15209533,Yes
Mumbai,-1.00484091,-0.59455449,No
Mumbai,-0.83420755,0.40789203,No
Delhi,-0.37918525,-0.19011917,No
Chennai,-0.26542967,2.57870726,Yes
Mumbai,-0.54981861,-0.2834504,Yes
Chennai,2.57845969,-0.47011285,No
Chennai,0.18959262,0.3698682,Yes
Delhi,0.3033482,-1.15454186,No
